Nombre,Dirección,Teléfono,Web,Categoría,Rating,Total Reviews,Provincia,Google Maps URL
Adymar S.L. (Adoquines y marcos S.L.) - Prefabricados de hormigón,"Autovía A-92, Km 10, C. Polysol Uno, Nº 48, 41500 Alcalá de Guadaíra, Sevilla, España",955 54 13 30,http://www.adymar.com/,prefabricados de hormigon,3.8,37,Sevilla,https://maps.google.com/?cid=507008950649139098
"Adymar, S.L. - Prefabricados de hormigón - Fábrica","Carretera de Pedrera, Km. 9,5, 41590 La Roda de Andalucía, Sevilla, España",954 01 59 99,https://www.adymar.com/es/,prefabricados de hormigon,4.2,15,Sevilla,https://maps.google.com/?cid=17106170465394988286
Arte Hormigonado,"A-8005, 14, 41300 La Rinconada, Sevilla, España",954 79 01 96,http://www.artehormigonado.com/artehormigonado/,prefabricados de hormigon,4.8,13,Sevilla,https://maps.google.com/?cid=7898113184125621870
Gecopre,"C. Castellar, 61, 2ºB, Casco Antiguo, 41003 Sevilla, España",955 26 21 12,https://www.gecopre.es/?utm_source=google&utm_medium=Maps&utm_campaign=Google+Maps&utm_content=web,prefabricados de hormigon,,0,Sevilla,https://maps.google.com/?cid=8486124469810033112
Geysermarkt S.L.,"Carretera Marchena, Ecija, 0 km 34 ' 880, 41620 Marchena, Sevilla, España",954 12 92 70,https://geysermarkt.es/,prefabricados de hormigon,4.5,17,Sevilla,https://maps.google.com/?cid=16311425645389028688
La Casa de Hormigón.es SUROESTE,"C. Ecuador, 15, 41930 Bormujos, Sevilla, España",660 56 48 30,https://lacasadehormigon.es/,prefabricados de hormigon,5.0,1,Sevilla,https://maps.google.com/?cid=17347540894064019038
Moldtech - Equipment for precast concrete plants./ Equipamiento para prefabricados de hormigón.,"Pol. Ind. Piedra Hincada, C. Polysol Uno, 40, 41500 Alcalá de Guadaíra, Sevilla, España",955 44 41 90,https://www.moldtechsl.es/,prefabricados de hormigon,4.3,10,Sevilla,https://maps.google.com/?cid=17501736526806429648
Molins Dos Hermanas Prefabricados de hormigón,"Ctra. Sevilla-Cádiz, 552, 41704 Dos Hermanas, Sevilla, España",955 67 52 44,https://www.molins.es/,prefabricados de hormigon,4.4,42,Sevilla,https://maps.google.com/?cid=611389065040479376
PREFABRICADOS RELENCO,"Ctra. Osuna, km.8, 41630 Lantejuela, Sevilla, España",955 95 87 22,https://www.relencoprefabricados.com/,prefabricados de hormigon,4.5,20,Sevilla,https://maps.google.com/?cid=1740070813083071893
PREFABRICADOS Y HORMIGONES HISPALIS S.L. PLANTA DE HORMIGON,"C. Palmetillo Cinco, 2, 41500 Alcalá de Guadaíra, Sevilla, España",653 01 18 28,,prefabricados de hormigon,,0,Sevilla,https://maps.google.com/?cid=4171315921204860750
Prebetong Hormigones,"Km 9,55, Ctra. Salteras - Olivares, Norte, 41909 Salteras, Sevilla, España",955 70 75 76,,prefabricados de hormigon,4.0,4,Sevilla,https://maps.google.com/?cid=5888914814105739333
Prefabricados Leflet,"C. Monte Carmelo, 1, 41011 Sevilla, España",955 77 22 61,http://www.prefabricadosleflet.com/,prefabricados de hormigon,4.5,2,Sevilla,https://maps.google.com/?cid=11231885948269949790
Prefabricados Leflet SL,"Polígono industrial Las Pompas parcelas 51 y 52, 41130 La Puebla del Río, Sevilla, España",955 77 26 06,http://prefabricadosleflet.com/,prefabricados de hormigon,3.7,3,Sevilla,https://maps.google.com/?cid=4298908974472375344
Prefabricados de Hormigón Ríos,"C. Maestro Alonso, 4, 41800 Sanlúcar la Mayor, Sevilla, España",955 70 07 71,,prefabricados de hormigon,5.0,3,Sevilla,https://maps.google.com/?cid=4735535205795149957
